{
  "extensionId": "22",
  "extensionName": "qpi",
  "displayName": "Query Performance Insight",
  "shortDescription": "ADS UI for the latest version of QPI library",
  "publisher": {
    "displayName":"Jovan Popovic",
    "publisherId": "jocapc",
    "publisherName":"jocapc"
  },
  "versions": [
    {
      "version": "0.1.0",
      "lastUpdated": "11/18/2019",
      "assetUri": "",
      "fallbackAssetUri": "fallbackAssetUri",
      "files": [
      {
        "assetType": "Microsoft.VisualStudio.Services.Content.Details",
       "source": "https://raw.githubusercontent.com/jocapc/AzureDataStudio-QPI/master/README.md"
      },
      {
        "assetType": "Microsoft.VisualStudio.Services.Content.License",
        "source": "https://raw.githubusercontent.com/jocapc/AzureDataStudio-QPI/master/LICENSE"
      }
      ],
      "properties": [
        { "key": "Microsoft.VisualStudio.Code.ExtensionDependencies", "value":""},
        { "key": "Microsoft.VisualStudio.Services.Links.Source", "value": "https://github.com/jocapc/AzureDataStudio-QPI"},
        { "key": "Microsoft.VisualStudio.Code.Engine", "value":"*"}
      ]
    }
  ],
  "statistics": [],
  "flags": "preview"
}